position,column,description,source,value_type,n_distinct,n_blank,possible_values,example,blank_means
1,clock_id,FALCONAge's identifier for the clock. The value to pass to fa.score(clocks=[...]) and the key every other FALCONAge output joins on.,registry key,text,175,0,175 distinct values,deconvolutebloodepicbcell,never blank
2,name,The clock's name as the registry records it. Usually identical to clock_id; kept separate because third-party catalogues file clocks under a display name and the two are not always the same string.,registry: name,text,175,0,175 distinct values,deconvolutebloodepicbcell,never blank
3,year,Publication year of the primary source.,registry: year,integer,16,0,16 distinct values,2018,year not recorded
4,species,"The species the clock was fitted on. Not the species it can be run on: the mammalian array carries 96% of Horvath2013's CpGs, so a zebra scores at high coverage against a clock fitted on people.",registry: species,text,4,0,Homo sapiens; Homo sapiens and Mus musculus; Mus musculus; multiple species,Homo sapiens,never blank
5,data_type,"The measurement the clock consumes: dna_methylation, clinical_chemistry, proteomic or transcriptomic.",registry: data_type,text,2,0,clinical_chemistry; dna_methylation,dna_methylation,never blank
6,generation,"The clock's generation in the field's own taxonomy. First generation is fitted to chronological age, second to a mortality or phenotype composite, third to a rate of change.",registry: generation,text,7,0,causal; first; mitotic; other; pace; second; system,other,generation not classified
7,tissue,"Tissues the clock was trained on, verbatim from the registry, semicolon-separated where there is more than one.",registry: tissue,list (semicolon-separated),31,0,31 distinct values,purified blood leukocytes,tissue not recorded
8,tissue_class,"tissue coarsened to one filterable class. multi_tissue wins over whole_blood when both are present: a clock fitted across tissues is not a blood clock, and filing it as one puts it on blood shortlists it does not belong on.",derived from tissue,text,7,0,blood_derived; brain; cell_culture; multi_tissue; other_tissue; perinatal_tissue; whole_blood,blood_derived,never blank; absent tissue becomes 'unstated'
9,population,"The training population as recorded, which is an AGE GROUP and not a health status. There is no health-status field in the registry.",registry: population,text,17,0,17 distinct values,adults,population not recorded
10,population_class,population coarsened to one filterable class.,derived from population,text,7,0,adults; all_ages; cell_culture; children; non_human; older_adults; perinatal,adults,never blank; absent becomes 'unstated'
11,training_target,"What the model was actually fitted to predict, verbatim. The single most important column for deciding what a score means, and the one most often assumed rather than read.",registry: training_target,list (semicolon-separated),66,0,66 distinct values,cell-type-specific methylation contrast,target not recorded
12,target_class,"training_target coarsened to one filterable class. 'disease' takes priority over every other rule, because it is the only class that says the training cohort was not healthy. 'clock_output' marks a model refitted to reproduce another clock rather than to predict a phenotype, which is what the PC clocks are.",derived from training_target,text,13,0,cell_composition; chronological_age; clock_output; disease; exposure; mitotic; mortality; other; pace_of_aging; phenotype; protein_or_analyte; sex_or_chromosome; unstated,cell_composition,never blank; absent becomes 'unstated'
13,translage_trained_phenotype,"The trained phenotype TranslAGE publishes for this clock. An independent check on training_target by a group that is not us; where the two disagree, read the paper.",external: translage.io,text,5,152,Chronological Age; Frailty; Intrinsic Capacity; Mortality; Pace of Aging,Chronological Age,clock not listed in TranslAGE
14,predicts,"What the clock's output is a prediction of, which is not always what it was trained on. A PC clock is trained on another clock's output and predicts age.",registry: predicts,list (semicolon-separated),92,0,92 distinct values,B cell proportion,not recorded
15,platform,Array or assay platforms the clock was trained on.,registry: platform,list (semicolon-separated),15,0,27K; 27K; 450K; 27K; 450K; EPICv1; 27K; bisulfite sequencing; 450K; 450K; EPICv1; EPICv1; EPICv1; 450K; Horvath MammalMethylChip40; Horvath MammalMethylChip40; Horvath MammalMethylChip320; RRBS; bisulfite sequencing; clinical laboratory assays; mammalian methylation array; targeted bisulfite sequencing,EPICv1,platform not recorded
16,n_features,"Number of features (CpGs, or markers for a clinical clock) in the published model. Where this disagrees with the shipped coefficient count the registry records the discrepancy on the clock entry.",registry: n_features,integer,44,129,44 distinct values,148,feature count not published
17,unit,"The unit of the score. Years, a proportion, a ratio, a log-hazard, or unitless.",registry: unit,text,27,0,27 distinct values,proportion,no unit declared
18,scale_type,"The formal scale of the output, which decides which downstream operations are defined. This is the field that stops age acceleration being computed on a pace of aging.",registry: scale_type,text,9,0,age_years; age_years_relative; divisions; gestational_weeks; mortality_log_hazard; pace_ratio; proportion; relative_score; telomere_kb,proportion,never blank
19,legal_operations,The downstream operations FALCONAge will perform on this clock's output. Anything absent here raises IllegalOperationError rather than returning a number.,registry: derived from scale_type,list (semicolon-separated),7,0,acceleration; correlate; difference; mean; acceleration; correlate; difference; mean; residual; compositional; correlate; difference; mean; correlate; difference; mean; rank; correlate; difference; mean; residual; correlate; hazard_ratio; mean; rank; correlate; rank,compositional; correlate; difference; mean,never blank
20,model_type,"The fitted model form: elastic net, principal-component linear, reference-based deconvolution, neural network, and so on.",registry: model_type,text,31,0,31 distinct values,reference-based constrained deconvolution,model form not recorded
21,availability,Whether the coefficients are distributable. 'bundled' ships inside the wheel and runs offline; 'licensed' is research-use-only and must be supplied by the user; 'untraced' is catalogued metadata whose coefficients have not been traced to a primary source.,registry: availability,text,3,0,bundled; licensed; untraced,untraced,never blank
22,ships_coefficients,yes if this clock's weights are inside the package and it can score today. This is the column to filter on when building something that has to run.,registry: derived,text,2,0,no; yes,no,never blank
23,profile_key,species|tissue_class|population_class|target_class. Two clocks sharing this string were fitted on the same kind of data. Sort on it to see the natural groupings.,derived,text,49,0,49 distinct values,Homo sapiens|blood_derived|adults|cell_composition,never blank
24,n_same_profile,"How many clocks share this profile_key, counting this one.",computed,integer,11,0,1; 10; 12; 14; 15; 18; 2; 3; 4; 6; 8,18,never blank
25,peers_same_profile,"The other clocks sharing this profile_key, semicolon-separated. Symmetric by construction: if A lists B, B lists A.",computed,list (semicolon-separated),154,21,154 distinct values,deconvolutebloodepiccd4tcell; deconvolutebloodepiccd8tcell; deconvolutebloodepicmonocyte; deconvolutebloodepicneutrophil; deconvolutebloodepicnkcell; twelvecell,no other clock shares this training profile
26,n_same_tissue_class,How many clocks in the registry share this tissue_class.,computed,integer,6,0,101; 22; 3; 33; 4; 8,33,never blank
27,n_same_target_class,How many clocks in the registry share this target_class.,computed,integer,10,0,15; 18; 2; 20; 22; 3; 4; 5; 62; 8,18,never blank
28,feature_overlap_partner,"The clock sharing the largest proportion of this clock's features, among those whose coefficients ship. Nearby clocks surface here: the two Lee placental variants find each other, as do stemTOC and stemTOCvitro.",computed from shipped coefficients,text,24,134,24 distinct values,lin,"two different things, and feature_overlap_jaccard separates them: blank with a blank jaccard means this clock's features are not distributed; blank with a jaccard of 0 means they are, and it shares no feature with any other clock that also ships them"
29,feature_overlap_jaccard,Jaccard index against feature_overlap_partner: shared features divided by the union. 1.0 would be an identical feature set.,computed from shipped coefficients,number,32,133,32 distinct values,0.0165,NOT zero. Blank means this clock's features are not distributed. A clock that ships coefficients and genuinely shares none reads 0.
30,feature_overlap_shared,Count of features shared with feature_overlap_partner.,computed from shipped coefficients,integer,28,133,28 distinct values,4,features not distributed; see feature_overlap_note
31,feature_overlap_note,"Why the three feature_overlap columns are empty, where they are.",computed,text,1,42,features not distributed for this clock,features not distributed for this clock,the overlap columns are populated and need no explanation
32,external_catalogues,"Which independent catalogues also list this clock, of TranslAGE, biolearn and methylCIPHER. More than one is corroboration that the clock exists as described by someone other than us.",external,list (semicolon-separated),7,109,biolearn; biolearn; methylcipher; methylcipher; translage; translage; biolearn; translage; biolearn; methylcipher; translage; methylcipher,biolearn; methylcipher,listed in none of the three catalogues checked
33,external_catalogue_urls,"Where to check those catalogues, in the same order as external_catalogues.",external,url,7,109,https://github.com/HigginsChenLab/methylCIPHER; https://github.com/bio-learn/biolearn; https://github.com/bio-learn/biolearn; https://github.com/HigginsChenLab/methylCIPHER; https://www.translage.io; https://www.translage.io; https://github.com/HigginsChenLab/methylCIPHER; https://www.translage.io; https://github.com/bio-learn/biolearn; https://www.translage.io; https://github.com/bio-learn/biolearn; https://github.com/HigginsChenLab/methylCIPHER,https://github.com/bio-learn/biolearn; https://github.com/HigginsChenLab/methylCIPHER,no external catalogue lists this clock
34,training_cohort_note,"Registry free text where it says something about the health of the training cohort. Populated for a handful of clocks only. THIS IS NOT A HEALTH-STATUS COLUMN and must not be filtered as one: health status is not a registry field, 5 of 175 entries mention it, and an empty cell here means nothing was written down, not that the cohort was healthy.","registry: notes, filtered",list (semicolon-separated),3,172,"B2M is linked to kidney function, cardiovascular disease and inflammation; DNAm B2M is a GrimAge component.; Mahalanobis distance from a healthy young reference population in biomarker space. The reference is part of the definition, not a detail: substituting the sample's own distribution silently changes what is being measured, so a reference cohort is required rather than defaulted.; Placental elastic-net clock trained on pooled healthy human placenta methylation datasets; 62 selected CpGs predict gestational age and were used to test age acceleration in early-onset preeclampsia.","Mahalanobis distance from a healthy young reference population in biomarker space. The reference is part of the definition, not a detail: substituting the sampl",nothing recorded about cohort health
35,verify_url,"Where to check this row. The clock's DOI where one exists, otherwise the coefficient source. Populated for all 175 clocks.","registry: doi, else coefficient_source.url",url,73,0,73 distinct values,https://doi.org/10.1186/s13059-018-1448-7,never blank
36,verify_url_kind,Whether verify_url is a DOI or a coefficient source URL.,derived,text,2,0,coefficient_source; doi,doi,never blank
37,verify_url_status,"Result of actually resolving verify_url. '200 ok' served directly. '403 publisher blocks bots; DOI registered in Crossref' means the link is good and the publisher refuses automated requests, which is the case for 44 rows, 32 of them the journal Aging. Anything ending 'unresolved' is a genuinely broken reference.",computed with --check-urls,list (semicolon-separated),2,0,200 ok; 403 publisher blocks bots; DOI registered in Crossref,200 ok,never blank; reads 'not checked' when the URL pass was skipped
38,coefficient_source_url,"Where the coefficients themselves came from, where that is a URL distinct from the paper.",registry: coefficient_source.url,url,11,148,https://doi.org/10.1038/s41467-022-32893-x; https://doi.org/10.1111/acel.12005; https://doi.org/10.1186/gb-2014-15-2-r24; https://doi.org/10.1186/s13059-018-1514-1; https://doi.org/10.1371/journal.pone.0014821; https://doi.org/10.5281/zenodo.2632938; https://doi.org/10.7554/eLife.40675; https://github.com/aet21/EpiMitClocks; https://github.com/gemmashireby/CorticalClock; https://github.com/rsinghlab/AltumAge; https://www.translage.io,https://github.com/aet21/EpiMitClocks,no separate coefficient source URL
39,citation,"The primary reference, as the registry records it.",registry: citation,text,77,0,77 distinct values,"Salas, L.A., Koestler, D.C., Butler, R.A. et al. An optimized library for reference-based deconvolution of whole-blood biospecimens assayed using the Illumina H",no citation recorded
