feature_id,CD8T,CD4T,NK,Bcell,Mono,Neu
cg14232368,0.904483733214141,0.192292129442953,0.891709553316413,0.898105132209222,0.89873617646922,0.898302560776322
cg15087459,0.121902613335084,0.101934559480757,0.599091717557234,0.878698806810147,0.366303328682536,0.0996330340689787
cg20538211,0.633191756716316,0.712798173074631,0.0750706661757656,0.785837084504172,0.889133902402219,0.878465444436144
cg11944101,0.840551593637139,0.0673811255715639,0.841841113280381,0.902190059251017,0.597635218068583,0.664486632371372
cg00219921,0.134970268571922,0.815785600318211,0.925816777110599,0.954099303272658,0.946379181765296,0.940595319554023
cg23752651,0.122602722224226,0.766941602501001,0.255098515345691,0.949494534194008,0.940620282535216,0.886533101976526
cg10978799,0.239007608307323,0.592031165320544,0.364907634166874,0.0934889197083226,0.0358575590906631,0.0454311129010621
cg22442430,0.0869412301864642,0.0755390144226963,0.812586416918487,0.0755653697469416,0.107268367663496,0.255492199317811
cg12294633,0.642604365738979,0.917356636258592,0.086121164416957,0.955466513848119,0.922536529666913,0.80531427744621
cg05492387,0.488773551636818,0.347539921831549,0.725613147911514,0.218614955325817,0.0883242473102888,0.892069698177747
cg24336674,0.665174887918147,0.32344435558384,0.897247708279434,0.869180842276066,0.925833434455446,0.895124297366135
cg25939861,0.0816674993146667,0.825993633392268,0.674132446789119,0.9100509552253,0.909888398487421,0.917217645518115
cg10639435,0.0499102298580942,0.0461543029669231,0.0476453662414069,0.508438626279717,0.90747921713124,0.489000073246826
cg04965200,0.593266920649563,0.330844331537865,0.915441378028923,0.913958634676023,0.939419417453456,0.89783955700081
cg20987610,0.762227691985889,0.899773303203411,0.110687444251871,0.904161183572852,0.856503483017485,0.945734820355437
cg10854441,0.321711153830104,0.694972083857472,0.0735665704740563,0.40545233666823,0.0774691200855852,0.081033595475962
cg21091766,0.371088855654993,0.848591704522044,0.706667212979829,0.786937880951433,0.783085511410572,0.660295522024763
cg22494876,0.396489665610368,0.768197070817605,0.880954252365601,0.852353797508479,0.945842754096628,0.940316796146007
cg11322877,0.696502384474124,0.508047467800818,0.0720036430001968,0.12067562302885,0.0331983863251999,0.0342630275369015
cg02780988,0.896014928292713,0.900798597873915,0.890711749941814,0.801786629457223,0.0705073239425064,0.887475987236391
cg16681873,0.202389355023794,0.520002298964145,0.76704523607114,0.826541357489203,0.805622264115651,0.769057909838254
cg10624395,0.940139529319016,0.920712640023593,0.942065574530091,0.926080954780962,0.122149514411071,0.936804169700758
cg22675702,0.926170462319936,0.91604644435146,0.922309153181783,0.900415368592642,0.0723492631111154,0.88101431364668
cg01154505,0.738884908931706,0.268015925617403,0.971814719943822,0.847684277192496,0.988125605909471,0.987361905959583
cg22512531,0.0628758363015348,0.532176217378401,0.45161272403913,0.944952036342868,0.948484497229884,0.937618062261817
cg00223867,0.67263626827641,0.735189982192289,0.122226680733548,0.794586333121681,0.811346810129825,0.7275116267095
cg24068972,0.528378063152769,0.2591273721101,0.908414050887655,0.877446221771971,0.913799806218497,0.903570233425007
cg27485845,0.325452822476294,0.791293150774801,0.0818100226292038,0.160962094265106,0.0643544860984294,0.326622833661974
cg00421624,0.608019711963183,0.878339488451615,0.11387126083592,0.49134769356907,0.0759763215582988,0.0694997334674745
cg13441156,0.922501334188202,0.921022670451484,0.913117576560402,0.920830877204834,0.77659667015559,0.125268494193726
cg16235995,0.231874496329033,0.66719579566657,0.565266965618968,0.916637115685495,0.898227386572553,0.896903976582453
cg02304370,0.246843872647276,0.262714018052383,0.725697158844144,0.944391979938953,0.393919059830654,0.437965381541885
cg23244761,0.981692206970028,0.976733059692566,0.976913092397073,0.978434752546006,0.0461892228561629,0.973620609602622
cg12669355,0.658908200683002,0.330508191820583,0.577103927011125,0.848828503752004,0.794289277246903,0.76670527290407
cg12996622,0.663190499277712,0.79725550250756,0.0667288000683495,0.864787631264596,0.87860260917454,0.888379978814497
cg13142152,0.816222181843096,0.422031333940653,0.890952230407216,0.876416015370729,0.912830143295185,0.89312829000512
cg13852284,0.855270205619904,0.862105869862164,0.880526389568017,0.920393272038476,0.905728067375093,0.0701380194868533
cg08441850,0.0641162017290495,0.0615576568083373,0.103467126091291,0.0649164399028953,0.770212525384815,0.734665916542675
cg27510066,0.907412777389421,0.921700331773812,0.930509799500341,0.920672643612514,0.87405711899085,0.0828064043894093
cg14437551,0.0483701735780328,0.0482604871983451,0.0936981963899241,0.0408914649814999,0.957847659076343,0.944486324438262
cg13292607,0.87819287424214,0.900136129436871,0.132639517534906,0.923716274316178,0.93655719500063,0.912732388881884
cg25846372,0.936177317178083,0.927814910676954,0.263939848969454,0.929525879556346,0.92519027364406,0.904006540720807
cg23146741,0.865894101319299,0.893395443718495,0.917592138116283,0.819841447172831,0.05321245812224,0.839319067845314
cg27185510,0.696963125405524,0.348183672764487,0.910477045325789,0.812414193441852,0.919695541138835,0.915132198289225
cg04162316,0.87625535295928,0.41606441204328,0.95828376516927,0.972216793652618,0.972173773271219,0.958169255327013
cg03064100,0.449960560757154,0.432909539880425,0.199395608605034,0.484561575551089,0.742916734565343,0.91290159955214
cg21228424,0.847041420699837,0.916081308943512,0.427754924484507,0.961390479958063,0.956093970403426,0.96156903451896
cg15823461,0.756077101687807,0.87806381810219,0.810285848578534,0.0385293835316742,0.868913268864483,0.858740646806544
cg08653292,0.417626888111112,0.213014807626312,0.594230383556765,0.0630339507800065,0.589137602116997,0.933859498305897
cg13695076,0.447106996126088,0.738881758126573,0.0873490295053199,0.344502886981151,0.0768519009850212,0.11493451339576
cg17930505,0.83052060613993,0.845548096337217,0.880230516668992,0.0903315786162881,0.894852286574381,0.902260947598925
cg22017187,0.766543654658915,0.72391407776027,0.36124023159487,0.836732075744904,0.868188192851167,0.8465770278973
cg01024962,0.946515209067389,0.934927590379787,0.89179429248045,0.806813277392087,0.0986046182121202,0.906473090026484
cg04573845,0.644627247401609,0.393371173266032,0.786449373002013,0.817924288641141,0.830094155836243,0.790250162938108
cg19430537,0.818718074839276,0.628008650379762,0.366471098125402,0.407351782993519,0.155407482169798,0.159108691825682
cg00208274,0.89015360623959,0.513838335068092,0.948975430545768,0.951192722867175,0.958611767459275,0.94376290990587
cg16412914,0.868324471642254,0.888341488021781,0.389702455177804,0.919697061898813,0.907497854110018,0.860293699991732
cg17851021,0.489750786622499,0.912248965717519,0.902264545120448,0.916103613933925,0.927266853643736,0.89885947125508
cg07386061,0.658172823021104,0.718196361728537,0.101867275514312,0.694512772204092,0.862218652548859,0.804613737254923
cg06366107,0.165030914186286,0.42328708098615,0.346688603557505,0.0616917030487587,0.0952405816066174,0.0925656800449131
cg27405128,0.951943483190477,0.946684724455253,0.923896493419872,0.948374265057527,0.22975895650777,0.729881807693921
cg18881723,0.188029964267997,0.0453044674973715,0.705320507307075,0.0427597363939922,0.0369005963610496,0.0493684902341022
cg26737223,0.495619511075084,0.72998139054897,0.323973328037246,0.0335825687627777,0.16017458593127,0.0437880255881904
cg14976569,0.955223568531792,0.946368068146713,0.936656542735385,0.947694138767921,0.105587293155151,0.664263164824657
cg26326621,0.883306939776508,0.872469936647026,0.885182571226679,0.830052957529186,0.106740603065764,0.829406695681466
cg25170017,0.059508840970849,0.0716986120309062,0.440358194089017,0.528176058754283,0.941056182796871,0.762345180003496
cg08091050,0.935990795511894,0.930136149225089,0.911044215713022,0.913489290375071,0.87741476551568,0.168030315832339
cg25739938,0.954053392800884,0.950222828421489,0.934923055839016,0.949870854779259,0.940296425381075,0.0508658743091536
cg25618573,0.455015773731961,0.290180654396816,0.080143716729829,0.0309993585803769,0.0173207624185302,0.0176064866407413
cg02324835,0.0728974626666295,0.354748875465691,0.801555946180851,0.919539376118025,0.922628757544217,0.91614710966361
cg08538581,0.942120737185649,0.934551277063254,0.936518032667223,0.775851639051754,0.0615628555776647,0.685657464949055
cg26318872,0.944756625692035,0.939835934640422,0.935865549941554,0.106952748030766,0.947461264943334,0.936790946067058
cg13500113,0.738631901723688,0.450317987595155,0.855540503982115,0.866133097392759,0.864763467649192,0.879223062255239
cg12855331,0.929911083654293,0.920269938110266,0.287510559825821,0.92698275264498,0.907845535567933,0.886003523401685
cg19829001,0.833199680413107,0.502783155479319,0.888606135913091,0.945000987898926,0.849088465355667,0.781730623793518
cg13485718,0.882723847924409,0.61115712770994,0.510815537408665,0.380696091029458,0.276026556969996,0.258472012472858
cg13356455,0.899851045191214,0.901584247175633,0.912955399614424,0.0389747423400309,0.900964051470302,0.909757854470657
cg13543915,0.337078054133814,0.755992064537424,0.803548954741089,0.823217076248083,0.839795295563361,0.837220078237652
cg02598071,0.308273110497497,0.599152384166815,0.823243397164072,0.894519275162054,0.87131905824603,0.859002064221326
cg17373759,0.919144655936958,0.716954500150251,0.714673439704112,0.67110542219132,0.542154158705526,0.617046289594204
cg03533256,0.77407093333308,0.784742396380225,0.863962607715029,0.859794084408441,0.0616649993949346,0.679108347465945
cg01868869,0.942306984927168,0.931976301445374,0.929743261609193,0.120171690113978,0.930092685213006,0.918737843195205
cg05325633,0.706042042945491,0.476276017607124,0.904395985637798,0.899519725058335,0.932383034906995,0.923456330640131
cg11743000,0.911825445536599,0.933982617286824,0.325728856331798,0.915334717318052,0.94738035635291,0.930510427579705
cg23428192,0.902814323563727,0.901761966497834,0.43464367282091,0.919533745964728,0.921071768391075,0.8920961395476
cg14426428,0.0581781427404964,0.0490995643879225,0.463049423292239,0.0388113520938318,0.0489223194547772,0.0442106430572988
cg07213487,0.948995883061408,0.93625877961545,0.924151823891195,0.676631940016975,0.160842438754497,0.939702841584314
cg00356916,0.855222864710583,0.516164749094394,0.887774372481095,0.901700549583294,0.920261816979577,0.90027095740331
cg07165105,0.857414090448086,0.917930449824364,0.447806263070229,0.949787871769946,0.949178662798556,0.937578362402623
cg00372886,0.902465795932664,0.898570945237207,0.906900264306382,0.88440234256146,0.320429830478512,0.919093700936362
cg00910503,0.983089689177777,0.97507307692641,0.488475137857615,0.924412279491866,0.978792548598078,0.976463092255736
cg08253808,0.956947618867759,0.954620344081835,0.947037551584478,0.940722790907242,0.81883161069268,0.043211518025628
cg17332306,0.554386830586844,0.281135595364552,0.178144490374835,0.17519704281528,0.0387927645721205,0.0355506558053623
cg22898082,0.062521539227613,0.0628293724405522,0.19885575297331,0.4622842570787,0.768729061989879,0.632128253600871
cg17635080,0.0900834228942319,0.311426127869917,0.0911035431069885,0.0451906004214716,0.583921668120593,0.492891031084949
cg15234492,0.730824717832334,0.452303195269411,0.380768424406503,0.492891626974367,0.218885993688776,0.228087328793531
cg18184053,0.88268660989151,0.90147885566825,0.833492073192612,0.0270918492446752,0.8901792671271,0.873021606933038
cg05828925,0.192455254401484,0.0346111239349359,0.448123713893858,0.194458814349108,0.0842667921272947,0.137061663573558
cg01059398,0.467403067196294,0.189934451645928,0.440429768072255,0.863189577741265,0.316368349426008,0.539213912298728
cg23325335,0.28272389313861,0.654866486868248,0.610880406165138,0.77033077534235,0.815450188364826,0.750717330559123
cg00259518,0.851153801177073,0.908975007451576,0.349671324776662,0.724295918861607,0.884187073349874,0.831747062146321
cg20367218,0.56145463154429,0.933799087919136,0.939040460210001,0.931861821622868,0.952217735561836,0.941854379176358
cg11014468,0.950265894682125,0.945359072292032,0.936399508456841,0.951439349580311,0.944123932656811,0.132961274792014
cg02400146,0.945176020825703,0.944019107741186,0.538786917404492,0.955480853183725,0.950636214073362,0.941976984030393
cg20610950,0.962368773011316,0.953158947010461,0.955416650328824,0.958147914433329,0.0553686689736396,0.640259524866179
cg12609063,0.0528115013187237,0.0714606121021948,0.0492200806738732,0.365767293985482,0.899106998645416,0.625170294102874
cg15821562,0.132184034983818,0.233636767597511,0.121900292260263,0.78148887893644,0.546869403055654,0.084297944902083
cg19619956,0.918015959033448,0.909542587072145,0.901132391490219,0.924167773579552,0.900808383971506,0.202561675093108
cg06493289,0.791342798710067,0.839262794576168,0.467184912759204,0.88533073481737,0.92567001508979,0.929099113152993
cg10480329,0.959046675545945,0.954331615443081,0.9543492005306,0.949457190820427,0.0684270742302263,0.889201555940856
cg02244028,0.944285681928151,0.937671728244834,0.926489609115161,0.940774834302125,0.12086519062497,0.896347765187941
cg11930955,0.194624927318776,0.0940958254303041,0.63749972308566,0.225795498711037,0.249788119115845,0.332432719317868
cg07106737,0.882582588377455,0.856710052331456,0.462875386807096,0.886429488188208,0.886608497241657,0.85605528614293
cg18661868,0.437816543242191,0.314810641558421,0.0671924988519819,0.0719632545374459,0.0385414679036342,0.0416972045511346
cg24088496,0.358979242955383,0.213147867145507,0.837855342504576,0.397589011144019,0.256169933018032,0.425834119637295
cg11088051,0.330672770934569,0.0548369341438363,0.433910765278172,0.531422447040943,0.410443248537386,0.361713795366039
cg19235307,0.539289701213613,0.129692212335227,0.610124875729281,0.697563324345939,0.49722229302303,0.441478026289015
cg19513582,0.847709016018046,0.92186417128076,0.823867272951119,0.938900285058865,0.938086002414587,0.153259211549398
cg24737761,0.928058073122096,0.933740647699609,0.893199010232033,0.939218936096327,0.858012664023552,0.10554777044248
cg21982420,0.870976922898752,0.872978089487246,0.477317525422027,0.88779537381761,0.785583962378929,0.845235427051924
cg26609120,0.339366265014966,0.388615915670564,0.336307240121428,0.0203253161001785,0.0364325655082476,0.645515400407743
cg08426200,0.345742758896868,0.115436421306834,0.460618189874982,0.52863360901626,0.551000599622807,0.483658842515576
cg19933595,0.229681668906691,0.57538606380731,0.106548643152561,0.0573562186571201,0.0242799231215695,0.0283505583509987
cg19408207,0.451127699669692,0.168646083066929,0.833380916445729,0.85633360160254,0.855918094406398,0.838798824980123
cg26986871,0.0291218486970617,0.589276673712269,0.0351789242293823,0.0975394942561368,0.0303552709700152,0.0306621967764321
cg11739148,0.408379561346108,0.551743154054071,0.613555811231153,0.742577229782849,0.836772194014025,0.816102538303067
cg04664897,0.867753543099993,0.872223475738541,0.870831816423702,0.604920175534132,0.0449633773977403,0.675895355897183
cg02758236,0.578168062494793,0.309659665771663,0.201921204532009,0.0513008767483633,0.0323058242429295,0.0317893170503722
cg19037107,0.941131933476954,0.947987604545515,0.938909873869911,0.955521758238856,0.917933474016884,0.0493806923956362
cg15169266,0.882283540132169,0.88136944047751,0.904157446018314,0.91134668228238,0.859680667094561,0.183537108793349
cg25593631,0.381447838529088,0.670309320067934,0.705849026850625,0.680628469159116,0.700820517345042,0.68745795048901
cg13178361,0.943228945603301,0.940149577466736,0.931147163171515,0.934255629668073,0.747519566808953,0.0860818518923067
cg13186130,0.130243187646854,0.470555735330301,0.0766045001234034,0.195991888330406,0.054249142576154,0.0417324367372912
cg08864105,0.0769904945648111,0.0681466793863092,0.111693061978076,0.906350000153911,0.0747202669413276,0.0596148606691915
cg05501357,0.894592463123378,0.881671900474976,0.881148656643105,0.886954501114825,0.789168326287596,0.0889262019066356
cg19353949,0.921477859884414,0.910336551462391,0.363096083942725,0.908636892328522,0.935111307716492,0.9371325071878
cg17360854,0.19078247521417,0.497368747470942,0.0265769595540063,0.106039771283844,0.0116829728936188,0.0117697826979948
cg27481559,0.0858780510685704,0.343778617068042,0.322927674769078,0.394343925364793,0.332562415685435,0.32267457166632
cg15532942,0.889080038349042,0.874489831131972,0.898346532582577,0.0551032337165722,0.935009380886091,0.91345601192599
cg02021919,0.944099865986505,0.938252527189457,0.936044000524836,0.945583061192816,0.778541538057928,0.0591014738617102
cg27304328,0.913585014342735,0.913075627036855,0.902922207670786,0.0556977615459597,0.86563841835715,0.825555775061148
cg01024458,0.922952379062834,0.88279386381909,0.941707838653002,0.0344673510503932,0.956413090838767,0.954491816028226
cg21494075,0.877040063017115,0.881544860878889,0.868798660584159,0.108167277837832,0.88495819206095,0.874329381355314
cg10278149,0.933685524788989,0.940346405347244,0.927488102823704,0.842601603357667,0.0506272355189823,0.696348889891478
cg27081745,0.912457839191327,0.87337549891243,0.917133454405214,0.898555541974179,0.279481181300127,0.748263353886023
cg02723600,0.797813072987084,0.560426278039747,0.904611308533556,0.90828926263718,0.92873301479626,0.920316572258882
cg07002540,0.910703543374,0.865504810235058,0.880212849685026,0.921166891306715,0.0693213158369645,0.727942086904116
cg24219974,0.34109263653581,0.333290456195355,0.221128865477016,0.281803874158109,0.775092514120965,0.887538708006166
cg10699171,0.0373115378042108,0.0361647641441894,0.0472781009874589,0.0465564747497547,0.591471551902585,0.902511888447753
cg01797381,0.897017556407105,0.892891846959401,0.852864004146825,0.834356703682681,0.106629431550604,0.717021570663669
cg15770702,0.067415097292312,0.0622300686008746,0.380016676579752,0.054896833422877,0.0545305330477854,0.0428018915836908
cg18224038,0.416257936198589,0.630315822958349,0.78178606056049,0.752059245012692,0.875463001789453,0.859007404680024
cg17995557,0.91921050134947,0.915828383763842,0.766608128145755,0.0324545301224595,0.925968517502034,0.904925143062363
cg21743182,0.916072442428017,0.892418937765495,0.88057198148353,0.0380680728603688,0.912240224695718,0.910669068275924
cg26748758,0.275038189636438,0.550037540105894,0.333371413789371,0.687250323522784,0.725534621960235,0.719600129675295
cg14697880,0.90030595822682,0.898668819901182,0.390245246480369,0.874871277861762,0.909836292378152,0.894687200217481
cg00637988,0.678625738148629,0.593532746858277,0.332509832171932,0.313001018690904,0.2921024603183,0.266194009747515
cg17568809,0.580324156415652,0.682755017365244,0.721576268253043,0.926111356578484,0.535083427858863,0.55253337427891
cg09247619,0.419623954998599,0.47653663803347,0.369841386968486,0.687505881327254,0.800375329325161,0.223549778716391
cg18728025,0.796525961632284,0.534904955978961,0.228980451636796,0.334486588989801,0.243331455064783,0.229179021801281
cg00537673,0.502800343065515,0.62688903359671,0.780539195096658,0.78006014652801,0.884467440913418,0.872828737787543
cg05980782,0.690663923003148,0.505089134469534,0.367230919420906,0.222540365970495,0.132169592377997,0.162593386281429
cg21199854,0.791286019075938,0.765274075501561,0.855414570444042,0.643871144204607,0.156101217651883,0.667233295323917
cg16308790,0.842398947533367,0.777128800966556,0.870039030662088,0.0255291350674889,0.818222110613462,0.851385824078456
cg11630392,0.0570878007964409,0.0599173535264178,0.0628372093710384,0.255678897708636,0.556259066728305,0.797270672917591
cg14575739,0.819903229019686,0.831426951362961,0.901592409801899,0.0742881249940461,0.923313507027329,0.925586161163418
cg00661777,0.169908693068208,0.257875437391999,0.0632048172294673,0.0543824975440912,0.0699599427529689,0.790669835493336
cg26217402,0.174510580445587,0.32516914902555,0.461274065942451,0.11793361100936,0.911785030530648,0.83487575099599
cg22834511,0.869656130535774,0.905696248439536,0.206623939422093,0.952070701337549,0.957331468825332,0.946422236420821
cg12037947,0.910857919970632,0.898754174402428,0.82995617829256,0.859576668573737,0.0939050357014161,0.632637042114227
cg09993145,0.0194270924355445,0.0366420486097923,0.0216820635369583,0.221367839851872,0.0315993838616746,0.88860411500038
cg24365417,0.910629211408665,0.905113745978998,0.865501180737965,0.913134572978622,0.0722114639637487,0.772291148441473
cg07790752,0.797231819053762,0.868289993897722,0.88995330913734,0.871517208323348,0.835805005851315,0.0420536401310942
cg27276522,0.610952615977605,0.826825530896913,0.837774119661133,0.926998505597598,0.926776344306266,0.911792193829849
cg10825530,0.300276173219143,0.233300358172728,0.083784960775847,0.804325054621666,0.170847225816656,0.416528220247301
cg05936004,0.93937769642116,0.937525931335403,0.914981947420484,0.947188990399225,0.867052064142802,0.0535698322711217
cg01699630,0.922340019622273,0.922520895633421,0.929542443412494,0.932398834088131,0.937469119874144,0.108931182100691
cg24520862,0.0481555768390184,0.0438070272818763,0.0543838745018857,0.096372081013702,0.792948693315237,0.725314872510099
cg18793215,0.745814039156271,0.617876944056179,0.263597954330611,0.27604453952064,0.20784531076279,0.217017340287885
cg03340036,0.946679684681218,0.935916044105745,0.941161798329462,0.942934002436898,0.805177864836236,0.0498767925335297
cg14969185,0.678628820259781,0.721591923169682,0.428905153747699,0.719316154577351,0.749625223718952,0.666246515930596
cg16210395,0.877469667787764,0.899306262298736,0.922301438007733,0.032658404368713,0.950067930531353,0.946231159688536
cg15235922,0.82331489896771,0.795933389630623,0.925835161641732,0.0442712080186011,0.915822153046292,0.866822238058103
cg14588003,0.83063863136578,0.425056404319585,0.936582452317189,0.937337138250264,0.938338597350933,0.91300558165505
cg15014975,0.616476045920738,0.916506283585136,0.860489446395765,0.972500829770607,0.970966106785688,0.953623691136487
cg23942604,0.0671650267502187,0.413411961749943,0.0366216687010377,0.109792008695439,0.0311625745203531,0.0379897536921005
cg13468144,0.935878437541045,0.834112550234598,0.936532217340647,0.951820738265951,0.952040619161208,0.0831125537376237
cg17988310,0.297395738436111,0.163071689760799,0.533604583559328,0.32656104376387,0.0552867265311184,0.0918090425981784
cg12655112,0.972124409495047,0.918457455732757,0.968415393252992,0.927010414218039,0.0381366387865758,0.718258553179719
cg23948703,0.919488102036523,0.882765603443655,0.922489327575999,0.0787857484243102,0.933914016537769,0.927447493310689
cg02734358,0.240210801697161,0.11560007259374,0.0444627494445211,0.817848566830252,0.0285498706938437,0.372676922660776
cg01869288,0.778626131301004,0.82130522876989,0.866904967368142,0.0361464080769916,0.917312459091015,0.909050518866998
cg04045544,0.937630963546373,0.913321718753282,0.911512044946021,0.887160447516615,0.125499663924174,0.864050407028104
cg02482603,0.729479850504678,0.490271415218892,0.357698471539517,0.216346223516851,0.329067561832455,0.296286037581591
cg10147394,0.891404482963579,0.884854980754484,0.898553320641605,0.0682519690849707,0.937335728425747,0.922884283746258
cg21426759,0.911069096593247,0.923734892471023,0.924968916456629,0.946329914294804,0.924893489390336,0.192815739048713
cg26870057,0.892696184098002,0.890775501962642,0.897412773674354,0.0951690843862936,0.893305096068792,0.888128021758635
cg26124526,0.879281779469122,0.857528162804901,0.870752765328846,0.901862585764259,0.0951675906732031,0.655285248946545
cg07396047,0.847760408375481,0.784318899262666,0.877631248878229,0.0950841373930818,0.889969564140993,0.886537870450507
cg07273342,0.121635590989702,0.219259141406798,0.561394923851713,0.601929129509304,0.645946523963977,0.622394715419056
cg00984060,0.276439997714031,0.509937377941067,0.165455427253887,0.185772744233655,0.152678937439157,0.167428691190771
cg14997711,0.925034803257993,0.900738166037039,0.900239757417703,0.157824847110938,0.915513825853136,0.831340560355111
cg15726025,0.823809511366258,0.579770982965355,0.928622231219759,0.94256381501453,0.903374200574386,0.881935984766569
cg04658357,0.424022216637815,0.697494334507604,0.901772055110587,0.897142171888925,0.914598356267573,0.922087444307782
cg15474337,0.19864399334149,0.204785054088483,0.104138954606717,0.0312660602956293,0.0325517935593636,0.71933311409562
cg07082484,0.66667682764307,0.676458093163896,0.634944042137491,0.64184658039111,0.59954728488791,0.919548314793682
cg09719956,0.808440648990188,0.801694609554909,0.885981147840171,0.842383396559261,0.864627276920287,0.0715097533501377
cg08428292,0.41395766189335,0.275326075642194,0.596251306095998,0.397943490816674,0.700739150713498,0.933684191254756
cg16148346,0.930175059942893,0.921156274253892,0.911022622373214,0.0498960626380223,0.92159961235708,0.911340838825421
cg15242630,0.905846963579836,0.915886735098677,0.89636137461816,0.08503281167077,0.902731707043462,0.866828022624629
cg07457727,0.93140016184124,0.923034536970866,0.917503945733518,0.764697920084891,0.233412516473946,0.880643907619652
cg13554018,0.169685045505823,0.271970495275971,0.0524524253683644,0.0877822073718267,0.826108015481246,0.784279785258887
cg00702872,0.422968822653513,0.709816384953559,0.723034415070752,0.892504948180948,0.888725864433561,0.894617169073319
cg18686153,0.318329263059085,0.581338067695937,0.337641824963883,0.140797883663916,0.268461490830411,0.340610375766519
cg01418951,0.666283777607763,0.695966798124495,0.710836735562424,0.039882851838164,0.656054411194328,0.61908668715504
cg15389025,0.414922232965206,0.212955213118767,0.147667335374629,0.0575847963602822,0.027746515073942,0.0242327950730479
cg07145038,0.919789567613196,0.934204808295202,0.902705050663218,0.0970053068448217,0.935385187876512,0.897955381682262
cg13403369,0.951894559602909,0.940480661185504,0.939714034025416,0.885829913482599,0.203054998471482,0.932435170616092
cg16277214,0.160672782078274,0.0495672466187936,0.478179312067401,0.0549358626799035,0.030857982476044,0.0373939094237136
cg09849688,0.16533025289504,0.255941338471893,0.167642643278514,0.740249422024632,0.0446253705486219,0.0376168559613256
cg10967114,0.960786877544937,0.957556809326107,0.953603667042431,0.957260005948188,0.420174038380025,0.929169719634016
cg07249939,0.252297586096833,0.455249796526608,0.0697001006487681,0.781878492727211,0.245274201123904,0.171970179818465
cg11812928,0.81118514385465,0.822090121357855,0.806502038512747,0.834181746099564,0.792072241769225,0.447085909220662
cg05654103,0.941741821802109,0.932585500650803,0.941124394430658,0.937802379364085,0.427606292524505,0.821203913581968
cg14813485,0.89942421382437,0.892729917247473,0.8822918194201,0.282201338358121,0.891401815099453,0.862711943402554
cg25474235,0.0418132864313105,0.0403491537392949,0.0567595683144221,0.113766292212685,0.558170420326026,0.713922096430232
cg06809364,0.932265645164315,0.686606088916548,0.914768582931482,0.945226459446562,0.945915594349691,0.943435556390717
cg12244275,0.493238122176008,0.681703532696848,0.0934996887269572,0.203287485752974,0.0456502338079257,0.0314256310375718
cg06637550,0.938084000855948,0.932475632985095,0.745520838340875,0.942140998085825,0.929930336743249,0.91005028293764
cg23398076,0.125560122568685,0.0814772849446261,0.518532068605686,0.0545926532820047,0.0347367043159137,0.0378840550874377
cg27128883,0.943655868610453,0.667198764579221,0.975791906119107,0.946045871575971,0.979522561374623,0.975350389800863
cg10111335,0.559734571177719,0.511872279040778,0.577793787622956,0.676442700501669,0.788496444281651,0.945149424060633
cg13571479,0.216355423655548,0.450773395135756,0.706701063025175,0.498795650112231,0.567275249761511,0.54679429691797
cg26354221,0.614312922035202,0.820358179492313,0.938040015444575,0.933466867010324,0.968165166245601,0.959975108656391
cg10206397,0.950620779204558,0.94278688551357,0.939094409186458,0.948831183862328,0.838642176440807,0.128348547479776
cg17232476,0.920589449443632,0.923876238409906,0.925261818586254,0.045517510554498,0.889695663033607,0.923415311301337
cg04073934,0.803612416510232,0.625184951504166,0.916065672643722,0.916164241378747,0.921560218281918,0.896633725561827
cg10443421,0.850946310492223,0.787257741612525,0.834518259973451,0.0523889605507395,0.850601126648749,0.758857176523881
cg25020550,0.244671749802222,0.270534112506154,0.684830187820976,0.285973667915948,0.242648977953791,0.296925240724975
cg11977716,0.0323282650036843,0.0388509387629185,0.0557826221663366,0.0552121198291647,0.683237555737091,0.150537534439666
cg13232525,0.623455156026222,0.495268764860364,0.366931030209885,0.240143419088197,0.155966447436964,0.180688215144082
cg16721194,0.301484235619082,0.427399870066062,0.172799029155735,0.147001714873286,0.0839403127963936,0.0713808769082714
cg25600606,0.95981641655273,0.952517931232934,0.949366472963935,0.952658354810821,0.932976340055965,0.114074173232224
cg21204860,0.224381066197859,0.0755393048723946,0.529337590151697,0.222621599716081,0.452923926639852,0.704785224427507
cg10861599,0.141654321295531,0.114672212270166,0.425411663494638,0.118103080890733,0.0259890382749521,0.0281102200942682
cg21410980,0.899320719430767,0.569640820603933,0.937887923441007,0.937126174081137,0.956895675756833,0.947829651665062
cg12285640,0.913313652851719,0.89336045376089,0.924065845436517,0.887291272423004,0.79362415686245,0.226276492672663
cg22212560,0.962621258478752,0.95656069377083,0.947980196056429,0.0248173593729307,0.767338827728466,0.920410572074893
cg11906021,0.437168284796357,0.496142305709719,0.260976589305897,0.506301071209058,0.34554360445074,0.851643042495641
cg13862853,0.960126080493426,0.955685436304942,0.952810975907633,0.955011178520253,0.922007436679892,0.237200705532339
cg03261800,0.424792301096197,0.331146791875931,0.227668187243329,0.898459858339165,0.232575871245483,0.241326879368318
cg10981962,0.866863829571193,0.882724233577368,0.464748981521995,0.920919932811896,0.916720068281771,0.910356613403114
cg01474925,0.73282692003427,0.929022050335552,0.93995350959865,0.954957000297819,0.956875969877163,0.953851680258389
cg03860768,0.887172617510417,0.906893707028497,0.921129915930728,0.0347755003573599,0.945336896712461,0.926225145793918
cg15871969,0.903835598117784,0.711207899681899,0.882154901354084,0.935188389652263,0.925780883452293,0.920200986376057
cg11775828,0.159878193259065,0.144080626984992,0.0962317016579167,0.413488412294444,0.744392360957667,0.524892092992969
cg06739462,0.72585777898114,0.424787851384266,0.914341132740008,0.931469881350083,0.921621960509267,0.915985022198743
cg26176018,0.529851707424133,0.728576339704464,0.741090559173587,0.835882965162003,0.825136817303594,0.814388989793208
cg13437525,0.153928656003898,0.433580164498098,0.0291042767112144,0.0225646179788582,0.0220400451066132,0.0210725549520878
cg18044113,0.461695185391275,0.565381662729876,0.742126206188187,0.822074507624641,0.834832404250851,0.817036400742263
cg18346531,0.773439860444927,0.753664485392881,0.769580587754093,0.681908655054971,0.111545035072968,0.600035613960504
cg19610383,0.933726438269566,0.924380450403347,0.927941068210429,0.194576459136648,0.926521112893198,0.923514313026614
cg03404662,0.16694152757593,0.43794714927875,0.0529197618408688,0.0565055598839592,0.0466586841429643,0.0452519079253825
cg01109047,0.882253827053294,0.639307019273093,0.942197037970735,0.912868784253621,0.949025625900258,0.941236460898194
cg16256390,0.165690057229797,0.0880269118211847,0.395399138038596,0.168300179170084,0.0812526562538792,0.0746148673447095
cg25284031,0.0974136826078894,0.409308592031355,0.0328559428696644,0.0307810153184119,0.032467479498688,0.0355496509653688
cg09689296,0.900239664014856,0.903503277891735,0.384003072935048,0.934021712881397,0.894120168276366,0.903512081569153
cg14220262,0.720488430910299,0.763870386277034,0.797900907575916,0.0297661824811673,0.714508226898927,0.698116822189899
cg19380581,0.951620164414942,0.942259349860027,0.945424653489735,0.94235543710488,0.478319140372801,0.929808401089839
cg25885803,0.59226717016835,0.384540948118572,0.249757434104773,0.244334944586813,0.0532138349586071,0.059561916958706
cg19779057,0.671684178765076,0.700167027819189,0.355965284882681,0.750414209968193,0.749472190089866,0.735173936942565
cg24056365,0.753857730800491,0.788893763067741,0.746529072151504,0.805296907949485,0.727356962761725,0.0711244446893989
cg00678668,0.899019850672641,0.597586817952915,0.911539412939991,0.949573539718937,0.949536298937803,0.94336662836482
cg05861567,0.366258735829028,0.225964023643939,0.0348670721180587,0.0527929217506421,0.0296783352433515,0.0242512643875088
cg17494034,0.37168014426327,0.30391807729852,0.332612776185297,0.20651689169532,0.817920544325114,0.794429373070423
cg08361238,0.818802290475713,0.726932145921405,0.618183169723767,0.64674282317512,0.572683546940274,0.595745387524838
cg12534645,0.698765828246636,0.708485480186815,0.743236550843666,0.0733861127818714,0.719532722337372,0.756966454726728
cg27443224,0.828493878525118,0.8305836219116,0.757471817525346,0.681380846284707,0.15486417446077,0.82877292859958
cg16785077,0.89079421549827,0.873828522630282,0.777521423934933,0.805705486278118,0.527606934980108,0.826125055011379
cg25623459,0.280959933249903,0.439916982697805,0.0867610318763937,0.0765809262710365,0.0808706145383235,0.0799711867418958
cg23633330,0.181287750075293,0.276934941624572,0.226091394748214,0.0322528481494061,0.446804631114288,0.230126580216113
cg15906007,0.0414146919042517,0.0585273060426675,0.0394967531793115,0.828734656859701,0.25162918845662,0.0466690451003874
cg13483727,0.719049904586257,0.708090889501464,0.71705082909289,0.611875741643966,0.0423991287270089,0.475603720091217
cg23610213,0.260132462744381,0.343046520006206,0.0930644441887321,0.230465722435925,0.912386253394742,0.887928735240486
cg11075561,0.329373866220413,0.254835162614256,0.429696024515719,0.514281313952067,0.853094600109326,0.650861005831864
cg18319612,0.853992992565589,0.615527431800792,0.926787590415515,0.885922927428628,0.93638246794661,0.931281209503297
cg16384864,0.194288313233555,0.125418753714977,0.113681016766365,0.348609813547214,0.448719976393872,0.699268842465106
cg20708135,0.884351877621038,0.716360275230789,0.900052362932074,0.913049753108298,0.914185109595284,0.910796491912092
cg25882597,0.723636302612246,0.615588769362653,0.511177722039975,0.506332462576346,0.48402041743752,0.488451319300214
cg19215266,0.328906374547082,0.263840688694957,0.411405745245545,0.574328587905531,0.824292874071023,0.572481005511294
cg14704980,0.323249846178486,0.335235293560398,0.585871483799874,0.222603341019611,0.134362231653693,0.160605781579643
cg00445548,0.974385125290442,0.96918015030386,0.773733677984071,0.975520609796533,0.974541118814775,0.968536737864213
cg02192218,0.790317030716924,0.839625118721552,0.347523817659007,0.754767467605592,0.900059451090769,0.886225865201699
cg18786123,0.104999496298278,0.0601215105801295,0.488358055442688,0.0596492915073367,0.0243099946654363,0.0242925817663408
cg26107055,0.948232568267123,0.950183220239486,0.6302617033983,0.952602929117098,0.95527599676523,0.945902649941644
cg09469986,0.897928663303664,0.913868299828697,0.908605756543061,0.0634449555596471,0.935150386775012,0.93688981121528
cg03771282,0.229165887439385,0.11367505448584,0.491529670439081,0.452431510267322,0.763351632106941,0.53597052223253
cg10204320,0.542704824842358,0.744446069333481,0.255546048623591,0.16588326097297,0.035096690945201,0.0454409207476462
cg05612654,0.98726230407217,0.983321082220055,0.982291628239279,0.94088457155636,0.382314831402114,0.875476896145543
cg15876825,0.986476802496313,0.985689696493701,0.479558539859641,0.989643484619796,0.989856936040581,0.988425593205846
cg25013586,0.519448820281222,0.606635672038055,0.362346035536386,0.847122422302618,0.596221272782821,0.547582684711445
cg06794543,0.946564089289186,0.931272117916802,0.911217804235338,0.284423107100249,0.921392710243073,0.922828044820561
cg26877077,0.951659727634605,0.94783959036366,0.944087167159095,0.945743761870511,0.952662510267918,0.612504658797461
cg03324175,0.912528279074273,0.910018841290473,0.883638205601975,0.0778478514583591,0.906912039735275,0.907578817779661
cg05435212,0.232332222027445,0.148530149403754,0.0587063483089084,0.0412513649658223,0.0430050479862306,0.0373174081647793
cg04741118,0.368441639481664,0.195840759178993,0.541458651605373,0.610876680841448,0.914068384876057,0.714941000767768
cg05564251,0.363930849363555,0.318891259405604,0.415728233451707,0.456145244742954,0.860937938519227,0.74455500765135
cg00801571,0.853374435836388,0.585646836820669,0.864960001019502,0.949927456500109,0.9408922165122,0.925280443855976
cg23536830,0.906856199684335,0.654139482136548,0.90972226496361,0.91177333130685,0.912046847136957,0.866880853215027
cg06621080,0.333586345219124,0.351401035411039,0.567415599402929,0.505259542142514,0.731148938796477,0.543614808384507
cg10762511,0.718792683186454,0.730775335043765,0.654467449442518,0.0267875080238536,0.738904943319368,0.630931680189237
cg22843803,0.0464408407677244,0.029746278539304,0.271330554582965,0.347163032761159,0.524296130169005,0.236822381974041
cg16345899,0.722260879486118,0.67353841644394,0.734704057334101,0.69258570927198,0.179764195154887,0.733561293667375
cg12614529,0.74653138408973,0.632193393131216,0.635633823774034,0.716201353220127,0.880109833738891,0.802733454424988
cg00152117,0.446816228983269,0.528244748585003,0.597317240086225,0.534152491234994,0.829235102114645,0.763649746011146
cg16092330,0.292650326046597,0.18315750058986,0.129243729581668,0.103092964744194,0.0455682288626808,0.0454850513451367
cg04808985,0.656065093922745,0.58957970459214,0.37430513053038,0.39513333938664,0.34095720564515,0.325981085507823
cg22826986,0.831389202224504,0.883893015905594,0.879124464404812,0.0310818076314154,0.935207910197728,0.886279411560727
cg18886071,0.155758834044075,0.042621060985532,0.534652743941623,0.0490402733048299,0.0864770037161524,0.0335324233222588
cg05089897,0.956606564967843,0.948824001319125,0.923742713735551,0.916192000749755,0.936489755171149,0.286754159892475
cg11811510,0.144630295659736,0.0335801100457588,0.323865105782983,0.0321995617821296,0.0464597258215288,0.0210850626785432
cg13365901,0.795662298407647,0.752563865571361,0.476071887480158,0.783290740787226,0.772086957815797,0.749552445080344
cg21141089,0.77096440732935,0.783755585400376,0.825015433258995,0.112530747435878,0.848632468195753,0.834631382015534
cg16522412,0.688594903158071,0.653154200255617,0.662670293863865,0.537050626022736,0.644985931581331,0.896426460260936
cg03891050,0.0790923654221221,0.0779041875911505,0.356902648995162,0.10221795962254,0.273772195856178,0.168345943159614
cg24842998,0.268338931697452,0.224776029287515,0.212625938470842,0.605851370654253,0.215586872918039,0.313051051243974
cg14258143,0.0250956159821766,0.0236418971900139,0.247573701274129,0.0240311464423647,0.0201125122923273,0.0232839704505254
cg12085119,0.0973598474841159,0.058252200076408,0.206518692142738,0.339864161116634,0.591977247456016,0.413730799701073
cg07831553,0.806533604408831,0.819143689172888,0.428515296462892,0.886548615606497,0.861516041490301,0.853318850324712
cg12419766,0.907764763626815,0.611698581848952,0.969832180774043,0.978617878590962,0.977821040051961,0.976038171431626
cg04499011,0.822391739351732,0.835554910644446,0.871171185147167,0.0663543540730723,0.883126526932135,0.858445845301481
cg04557665,0.212006308004487,0.0935881966736629,0.0350032295739311,0.0414799742221434,0.0280681969748529,0.0309773888870958
cg23037469,0.935766104557918,0.933488767941755,0.935769804482905,0.940899360093875,0.889154722452001,0.459812875320437
cg00326300,0.907021446544188,0.86214393423881,0.874522337198871,0.127971036234748,0.847328509852171,0.86385703647082
cg25990402,0.0919692065259135,0.318021676421193,0.055110214975571,0.0220180020657456,0.107739387434756,0.109239058416954
cg05021589,0.378502667757342,0.302943150798286,0.310307865703931,0.0441068087085981,0.0536433441586399,0.669404556206063
cg27437304,0.616105887623976,0.390124060406368,0.85695983551754,0.451055823457409,0.190779134085962,0.485905159224031
cg23357708,0.263186716188723,0.265243668369389,0.097734953015467,0.851759581196263,0.0501683178089267,0.0378697005443334
cg05720721,0.590315747795363,0.603817021147429,0.676293203530666,0.022363198699426,0.657531075292837,0.672943363029302
cg22175494,0.743309081946702,0.783167092579788,0.821673217340545,0.830948345130477,0.927482025696376,0.825482515754845
cg22707438,0.313347040788834,0.173479744959895,0.408658485369207,0.123752159039656,0.0368594719660219,0.027897155878395
cg14510967,0.0598927095013603,0.310706307336286,0.0383275331976136,0.0296191625025394,0.0286901354913676,0.0302233963011741
cg02524863,0.256660617096214,0.395034667268782,0.0942784348253723,0.149179817706028,0.0790909881083594,0.0793756077741399
cg23896514,0.0268962691943324,0.0273429446550651,0.0424800458654169,0.0268919564729567,0.218396984989872,0.287085678771307
cg06811732,0.567773454618539,0.614975981653366,0.706166459182693,0.695153865722537,0.860860335774261,0.747076310391439
cg04681489,0.0960730873559601,0.0677155806857836,0.0352996090897332,0.315406496736412,0.0398937681785028,0.0302534325941115
cg23713900,0.519229593314962,0.490071694698796,0.499758175564283,0.435925084587536,0.0418078885687287,0.394629058780284
cg09230679,0.489679840277244,0.456240963931436,0.554741514273518,0.428912877110728,0.844754254902975,0.780803566425974
cg11231701,0.825539826748742,0.779550337755859,0.79466000660771,0.846984427976298,0.812147294338428,0.0983270260212316
cg01710351,0.149715578823298,0.0461239923632203,0.44904985437672,0.0487066282390698,0.0416170705584987,0.045018603133595
