feature_id,value
cg00059225,0.216116176865395
cg00088042,0.157406576448304
cg00252534,0.734171084595705
cg00297950,0.0608226310317877
cg00384539,0.105757496541726
cg00491255,0.62440019335081
cg00521255,0.139561519307807
cg00648582,0.939104370459488
cg00771642,0.679225735266896
cg00924265,0.412696201559646
cg00935119,0.180581341034799
cg00940577,0.303871615894503
cg01091514,0.729164019568083
cg01122755,0.162493656131292
cg01162920,0.105148387605931
cg01194538,0.320060576035261
cg01264729,0.415337554085434
cg01311102,0.762249879959926
cg01529637,0.10128653919728
cg01532168,0.0686275068880712
cg01616394,0.62711858238289
cg01639032,0.0676109741550514
cg01641432,0.736579377892347
cg01655150,0.0856809873065333
cg01745370,0.16091221649201
cg01899542,0.585709714498769
cg02046143,0.656913210665855
cg02047661,0.521947304803759
cg02357838,0.148389589127786
cg02361903,0.46603381304059
cg02397497,0.157221864646965
cg02448244,0.760991677408199
cg02504211,0.8237620002485
cg02524236,0.624907285636644
cg02546818,0.112490178549827
cg02583546,0.0796714776788642
cg02795151,0.779050066050468
cg02983424,0.220718346397112
cg03001484,0.329815344819678
cg03025830,0.816274001928283
cg03040821,0.196364598008926
cg03048488,0.469629337752848
cg03591753,0.675613230494179
cg03594801,0.840173456260065
cg03613618,0.614959874904186
cg03633073,0.966398804169037
cg03639603,0.115083262879998
cg03710354,0.129505587208469
cg03717616,0.848331456369566
cg03854598,0.964373191481707
cg03864215,0.406297907076159
cg04031134,0.874764432166029
cg04036898,0.407718077804669
cg04055913,0.741369883473475
cg04060163,0.15466469362755
cg04078896,0.142427282606943
cg04235075,0.277293982401942
cg04315771,0.448600657303558
cg04370442,0.649572190756606
cg04432319,0.0995672232322041
cg04604946,0.151666957652079
cg04684267,0.187362686579951
cg04686264,0.564189886420181
cg04704414,0.785313212232652
cg04834794,0.135002368613572
cg04880546,0.336861014400821
cg04913265,0.12909558831229
cg05006304,0.624063322826699
cg05030953,0.588367050961152
cg05149386,0.363780993378455
cg05213896,0.232822148309147
cg05280698,0.0674827611191964
cg05333146,0.524252874608769
cg05362168,0.776960580796741
cg05396044,0.110252077374131
cg05404236,0.103327464940922
cg05444541,0.538089171784238
cg05634040,0.443527547050755
cg05724492,0.933170546569298
cg05756780,0.416397197990143
cg05785488,0.0547133714593373
cg05795849,0.63422879790994
cg05839636,0.125171431166515
cg06069616,0.38243967690177
cg06144905,0.522467516207313
cg06236737,0.87513325428027
cg06385324,0.147145339648166
cg06570818,0.0885826401088958
cg06645033,0.254488329668933
cg06648759,0.58286882441551
cg06711656,0.0890689725284421
cg06751446,0.550894895987533
cg06852461,0.337022800766769
cg07011538,0.565473531733086
cg07120479,0.0640445103034822
cg07181374,0.338996622856571
cg07197480,0.746695012212792
cg07461572,0.768840314743455
cg07544187,0.120945764478359
cg07547549,0.279223196606655
cg07550554,0.967072781425156
cg07581257,0.737559533084028
cg07806886,0.0892804834329038
cg08097417,0.298178240479807
cg08193650,0.204196449232418
cg08370996,0.140243227193064
cg08594681,0.204895726733356
cg08606497,0.390551657409399
cg08708711,0.169146345848565
cg08727193,0.102268835763826
cg08786136,0.949763251398902
cg08952475,0.771419161330683
cg08995871,0.854791618680172
cg09058748,0.190958698796096
cg09124496,0.485419757007385
cg09178970,0.789948422340578
cg09254686,0.115794550773035
cg09363564,0.16892354743164
cg09372546,0.388034313174067
cg09407967,0.495395389295642
cg09468836,0.501009438547384
cg09664474,0.111223595374361
cg09731141,0.0896327723231203
cg09810078,0.879822148319911
cg09888620,0.931836908316083
cg09906752,0.393627491816973
cg09935271,0.0937002352282382
cg10027085,0.0917204369928237
cg10104252,0.665700684350361
cg10225362,0.836670359995418
cg10232140,0.0916601327985408
cg10359006,0.317760219851345
cg10378521,0.676270400445683
cg10389229,0.0773663641803968
cg10460946,0.354081961030763
cg10501210,0.400944745079969
cg10574566,0.256595376857943
cg10790698,0.151718673002899
cg10851350,0.601036046312805
cg10904972,0.154462877450197
cg10924085,0.874854475622652
cg10961323,0.434798669960256
cg11018337,0.154900519919127
cg11071401,0.238075570775398
cg11120115,0.914082316152038
cg11397957,0.714281856341991
cg11462165,0.147019637224931
cg11565355,0.0716420808074429
cg11603443,0.762034927531685
cg11719412,0.0840010918155431
cg12024906,0.117303921300264
cg12100751,0.160566086774774
cg12175729,0.0992692295714521
cg12423733,0.725892076957526
cg12591491,0.291655807357695
cg12597389,0.0922595963721574
cg12637942,0.0647945643456688
cg12950231,0.854621716161141
cg12978800,0.550500525932817
cg13099374,0.71263889416601
cg13259357,0.687183919426859
cg13298199,0.158731889595005
cg13308350,0.904230054817967
cg13327545,0.28759180873624
cg13477806,0.191291919699309
cg13718185,0.353512768861261
cg13733708,0.698075924504324
cg13744194,0.128076401072778
cg13755546,0.0809499493316024
cg13806267,0.780527851196799
cg13848598,0.282226894110614
cg14189141,0.0858175716023112
cg14242024,0.944239725300827
cg14343652,0.176619152284285
cg14489570,0.334875916801802
cg14507337,0.189409378704182
cg14577472,0.0865555925124234
cg14611683,0.383199760655169
cg14655122,0.754960238809177
cg14704921,0.0696133090799541
cg14759277,0.909605908146202
cg14871932,0.0871585344818738
cg15001747,0.170662290357466
cg15022387,0.174611071506825
cg15341124,0.239411332762354
cg15393490,0.26243718542344
cg15410236,0.900123781960262
cg15540623,0.62920190229857
cg15593298,0.0947560868117994
cg15638207,0.134569459018003
cg15665342,0.158202360176422
cg15718663,0.852813000570086
cg15925792,0.0743513950796836
cg15927455,0.839866030184872
cg15974867,0.782084051199416
cg15988970,0.174024392034668
cg16121765,0.747254355938547
cg16142349,0.879109644530945
cg16148593,0.163333797105858
cg16206504,0.75593473871591
cg16339238,0.182809588346576
cg16340422,0.694958095436658
cg16359034,0.82246965643403
cg16408865,0.566706871194236
cg16604975,0.745283997760751
cg16643261,0.94276969215794
cg16703882,0.198404697554073
cg16865965,0.150866202222146
cg16867657,0.496048715800275
cg16909962,0.125452163474566
cg17040471,0.142939523047214
cg17086398,0.722070364241169
cg17117277,0.243031152438874
cg17341113,0.974142615818341
cg17411994,0.514897732810915
cg17435266,0.105836185723474
cg17523253,0.796618024387278
cg17592231,0.465276658303092
cg17640485,0.271184010601037
cg17693222,0.847873671716931
cg18077971,0.204599141391945
cg18125865,0.0754926244583849
cg18247055,0.104692803548816
cg18279094,0.11957778862966
cg18427787,0.26670698344769
cg18449120,0.187859104472267
cg18468088,0.274591841433227
cg18480946,0.50922316885783
cg18504218,0.091600602133315
cg18514820,0.123119152537077
cg18540328,0.275477050745653
cg18549036,0.153939804397541
cg18584803,0.807309761297563
cg18604199,0.241296956842079
cg18626323,0.727321676364639
cg19028706,0.296185006018188
cg19056004,0.15898766771804
cg19142026,0.0947156271134037
cg19230755,0.122813229696679
cg19242851,0.606581601098033
cg19399220,0.424027458400433
cg19416570,0.253241430511555
cg19699893,0.928999073450916
cg19724470,0.359136172753954
cg19802138,0.192829781513384
cg19807317,0.675877285517923
cg19955173,0.630860176547499
cg20185454,0.284266820926949
cg20198242,0.483444248168677
cg20429250,0.0995648756896528
cg20495179,0.827099365611208
cg20516262,0.15886984747981
cg20583430,0.111733543615675
cg20594982,0.710100270133419
cg20603637,0.0783553004648437
cg20627572,0.579208259233525
cg20697204,0.779252977303724
cg20747577,0.222770101495455
cg20773033,0.505003166376849
cg20818778,0.350475833515318
cg21010435,0.917667770976962
cg21052766,0.34714640910136
cg21186299,0.0653258708395878
cg21218687,0.819832089041612
cg21415530,0.240169410901194
cg21581504,0.153776119381662
cg21801378,0.0834757171058527
cg21826815,0.0493533911856287
cg21851534,0.469099121044938
cg21865150,0.22311316908419
cg21967909,0.771806440370684
cg22007809,0.55422571011316
cg22131013,0.827605503132493
cg22285878,0.146618108504039
cg22320999,0.881527054634682
cg22344793,0.0659395996206537
cg22363327,0.198482030446777
cg22531668,0.545731057364802
cg22661556,0.0918116923203968
cg22714290,0.416801247235484
cg22884541,0.889968195720156
cg22900415,0.257116518048359
cg23051272,0.45276323409481
cg23091758,0.176102290536931
cg23124451,0.148978966136896
cg23163283,0.704846346092426
cg23166770,0.0908155975663677
cg23174607,0.120209775573294
cg23201812,0.720451224811799
cg23352942,0.519872141477648
cg23474190,0.135297549973552
cg23606718,0.164999179612033
cg23636833,0.771218404378111
cg23661344,0.112203950936124
cg23662138,0.343301088668414
cg23684204,0.197142460806183
cg23813012,0.190918535607428
cg23896431,0.92348616376911
cg23939875,0.17746017578034
cg23995914,0.342932439321152
cg24085039,0.402267278834724
cg24231804,0.173425133891512
cg24287218,0.699041526278283
cg24346776,0.481903890136896
cg24377285,0.532802475874893
cg24420164,0.911894959657156
cg24483655,0.127691440370473
cg24567591,0.321975126785562
cg24715767,0.627438701518067
cg24718465,0.115780359165757
cg24933925,0.126882220438769
cg24990808,0.926698307948393
cg25007705,0.543642448170121
cg25018458,0.919029610421575
cg25090514,0.154751891241426
cg25114611,0.641276756387558
cg25201359,0.0724631870920095
cg25459323,0.148731159098188
cg25922329,0.573502827892317
cg26092675,0.224942749414141
cg26115633,0.140582992345457
cg26161329,0.0998544356775147
cg26242531,0.230783509453361
cg26306636,0.171261935777032
cg26332630,0.718861087158322
cg26377000,0.13445636330524
cg26384036,0.851514665831822
cg26472036,0.50922079769328
cg26490949,0.182354769174803
cg26542283,0.145022863354711
cg26645401,0.187322130939074
cg26660754,0.120649797479378
cg26726230,0.69056949723033
cg26782108,0.278134699301197
cg26856080,0.107543496259176
cg26885220,0.0916146710677213
cg26952697,0.331224522228032
cg26952796,0.197879037428926
cg27013696,0.270871540961511
cg27043838,0.826400772302357
cg27134767,0.65246029656802
cg27230784,0.0658161828600145
cg27388680,0.390892319525347
cg27414487,0.468898303721584
cg27529628,0.181896927333302
ch.2.1904845F,0.30061092309689
ch.2.71774667F,0.558317872829064
