feature_id,coefficient,mean,sd,log_mean,log_sd
(Intercept),58.618595561643602,,,,
acace,1.0557172903629499,0.043189345864968386,0.034647657435429163,-3.3700223488574301,0.74667600145062596
ace,0.6886711312779451,0.044501166062239791,0.019185632937047753,-3.1727890062908584,0.39114602073034316
ala,-0.37690822854012079,0.30061456013113413,0.076703068290365481,-1.2330632618450297,0.25933436213255906
alb,-2.8431770310155575,0.087737243044249388,0.0068628220557843175,-2.4370271186736741,0.083987333024651667
apoa1,0.91774711459546932,1.59449779051721,0.20024773113370006,0.45748522131130992,0.12568486873440993
apob,8.1113292072578069,0.97321184762041724,0.22133203196221862,-0.051616501797725804,0.22986694497745064
cit,2.5009470831950589,0.093571536240707215,0.027872586614954228,-2.4170856314689106,0.32708748250961467
crea,2.1676487924167009,0.072228068110178345,0.018351462743468716,-2.6510748357631169,0.24432721321712828
dha,-0.80509691739858014,0.14466078598513785,0.054784484826922414,-1.9982440556764309,0.36736736602482867
faw3,7.363768009367722,0.41144403993910955,0.13395836248519188,-0.93336533275326949,0.30639400087792817
faw3_fa,2.7500812208367917,3.5758158342077002,0.9524524008574442,1.2436584778023794,0.24040225570126378
faw6,63.883438237268784,3.8705211457799824,0.76954610664534939,1.3329972348994368,0.20097098700392516
faw6_fa,-10.212223912469584,33.759805902263352,3.5673858905604496,3.510105385173989,0.1138894849945338
glc,1.3936917022677127,4.8000542833865749,1.6112179143082979,1.4926349023063257,0.55750240923326877
gln,3.8439610906379156,0.45283450081090121,0.079663038578793116,-0.81077835908108831,0.18947753577958601
gp,0.18657791654891612,1.3590511155467107,0.20390259409323749,0.29927122369309711,0.15077986579008212
hdl2_c,-161.2934292880426,0.89987351386908287,0.30462214520815895,-0.17333781672433893,0.3775465234195548
hdl3_c,-35.570584258343402,0.46982905302218297,0.066146041008611239,-0.76711307772855253,0.13996323148292322
hdl_c,187.43398469616386,1.3697002048933902,0.32773341085163604,0.27998025489233042,0.25172975157239252
hdl_d,1.2540864366076043,9.9724421460524422,0.24982720425869054,2.2991865066215778,0.025324175924470262
his,-2.0836325327433807,0.059253491046250259,0.014818182553044776,-2.8616892384889612,0.27201782790355472
idl_c,-0.04408550692938544,0.68550877437849911,0.19479142247953335,-0.42452960384044708,0.30084929420247919
idl_l,-3.9686244585298476,1.0693921620440696,0.28015650578072721,0.026786283493369617,0.27417929493374021
ile,-1.8437604358095272,0.052851825855727438,0.020226273886922063,-3.0047472144895466,0.38127160281972322
l_ldl_l,-22.998042468862305,1.1708741399612883,0.34414613898445623,0.10769087191066734,0.31184871479732318
la,-3.2731208537068763,3.0990396104819644,0.69656555800684961,1.104911041484127,0.22840531417703019
lac,1.8677203250451602,1.2324531247417028,1.0321788841886148,0.05842970164385923,0.51124251956117417
ldl_c,15.220321372693963,1.4879535823198196,0.50617753025471846,0.32514679556974591,0.38345215609382455
ldl_d,0.24647526076255427,23.650001055212286,0.11897707734333576,3.163283567910232,0.0055499591700722637
leu,-4.1183429690180509,0.061666329316344151,0.01616918831852341,-2.8160069589874102,0.25583234931484949
m_hdl_l,-5.5437003792945729,0.80824475000714824,0.16239000095912506,-0.23567596711999172,0.20551376261222853
m_ldl_l,33.276066601628983,0.66056226710468013,0.2066127211722302,-0.46764609162158738,0.32832942227741191
m_vldl_l,-6.2330766559784339,0.66635183657686736,0.37654081448512794,-0.54421909107480482,0.56498576039566406
mufa,-8.8499011114208503,2.9044536180053493,0.90514944916411277,1.0269830061783856,0.30632508019532101
mufa_fa,-68.244256375709554,24.825923720464651,3.6447176623322655,3.2041511112828833,0.15029808374049641
pc,-3.5899817298899146,1.9852981424146352,0.37494175997285334,0.66669506636192544,0.18867887957657048
phe,2.9392676376649294,0.043394769780839275,0.0084913811906374374,-3.1534087972725815,0.18863038143605287
pufa,-67.296984329099416,4.2819658091794439,0.84294800454607877,1.4348337890235514,0.19862665900614135
pufa_fa,-61.447066171020168,37.335633352842535,3.6821686127373061,3.6119379903218833,0.10649777763725611
s_hdl_l,4.0173302309223091,1.003829999963338,0.10173715759882285,-0.0015649072412811571,0.10090790429491503
s_ldl_l,-10.418951746894232,0.4282297842404455,0.12441769431085636,-0.89218016149990698,0.30195789597289291
s_vldl_l,-9.9834819918656237,0.70527453999466672,0.23178641507011277,-0.3966475452442858,0.33121341522029879
serum_c,-28.218568460126637,4.4199079937084544,0.99028751306456031,1.4570968141225669,0.23136701286472072
serum_tg,4.8718343215947995,1.3965987848614718,0.6806845912822822,0.23647010503144958,0.47395950204680581
sfa,-19.061475355180267,4.3745856384990214,0.96668881081050406,1.4550211728397047,0.22039734981483
sfa_fa,-31.4745477127619,37.838454489329187,1.8665104708668463,3.6322859868654827,0.050565721321418351
sm,1.7053547125524058,0.45478665971759119,0.088449532795506797,-0.81064102316245568,0.19985930780821709
totcho,-3.3578032118731218,2.2926157414850463,0.38141940126314816,0.81377540553368544,0.17295750335827287
totfa,23.668099635874455,11.561024197699332,2.4818857036329094,2.4281579239326589,0.21472460148538583
totpg,5.780085520786856,1.8981992479500975,0.36693283846736913,0.62021020021262829,0.19802077180221531
tyr,2.209448544521964,0.061232990842890342,0.015558218938724793,-2.8241005723818979,0.25108819113836178
unsatdeg,-0.48997521634812358,1.2149855804975354,0.074504232071354703,0.19203475941352116,0.064021277460422563
val,1.6560035225932705,0.15736894092512949,0.038145642628805522,-1.8805533267743098,0.2516512425070081
vldl_c,15.416816986749707,0.87673421862061429,0.27987412055091093,-0.17819634431313697,0.32488302476826969
vldl_d,3.8385016628242505,36.793594958542648,1.3605422027347298,3.6054119136923455,0.038004963015561166
xs_vldl_l,5.9756407201868225,0.56630180979452283,0.12626049415223597,-0.59451055871049985,0.22396166933068035
