"bbmri","alternatives"
"serum_c","serum-c|total-c|total_c|hctotalc"
"remnant_c","remnant-c|remnant_c"
"vldl_c","vldl-c|vldl_c"
"ldl_c","ldl-c|ldl_c|pure ldl-c"
"hdl_c","hdl-c|hdl_c|hchdlc"
"hdl2_c","hdl2-c|hdl2_c"
"hdl3_c","hdl3-c|hdl3_c"
"serum_tg","serum-tg|total-tg|total_tg|hctotaltg"
"vldl_tg","vldl-tg|vldl_tg"
"ldl_tg","ldl-tg|ldl_tg"
"hdl_tg","hdl-tg|hdl_tg"
"estc","estc|est_c|esterified-c|esterified_c|total-ce|total_ce"
"freec","freec|free-c|free_c|total-fc|total_fc"
"vldl_d","vldl-d|vldl_d|vldl size|vldl_size"
"ldl_d","ldl-d|ldl_d|ldl size|ldl_size"
"hdl_d","hdl-d|hdl_d|hdl size|hdl_size"
"totpg","totpg|phosphoglyc|pg"
"tg_pg","tgtopg|tg/pg|tg_by_pg"
"totcho","totcho|cholines"
"pc","pc|phosphatidylc"
"sm","sm|sphingomyelins"
"apob","apob|nmr_apob|hcapob"
"apoa1","apoa1|nmr_apoa1|hcapoa1"
"apob_apoa1","apobtoapoa1|apob/apoa1|apob_by_apoa1|hcapobbyapoa1"
"totfa","totfa|total-fa|total_fa"
"unsatdeg","unsat|unsaturation"
"faw3","faw3|omega-3|omega_3"
"faw6","faw6|omega-6|omega_6"
"pufa","pufa"
"mufa","mufa"
"sfa","sfa|safa"
"la","la"
"dha","dha"
"faw3_fa","faw3/fa|faw3_by_fa|omega-3 %|omega_3_pct"
"faw6_fa","faw6/fa|faw6_by_fa|omega-6 %|omega_6_pct"
"pufa_fa","pufa %|pufa_pct|pufa/fa|pufa_by_fa"
"mufa_fa","mufa %|mufa_pct|mufa/fa|mufa_by_fa"
"sfa_fa","sfa %|sfa_pct|sfa/fa|sfa_by_fa|safa/fa"
"la_fa","la %|la_pct|la/fa|la_by_fa"
"dha_fa","dha %|dha_pct|dha/fa|dha_by_fa"
"ala","ala"
"gln","gln"
"glycine","gly"
"his","his"
"ile","ile"
"leu","leu"
"val","val"
"phe","phe"
"tyr","tyr"
"glc","glc|glucose|hcglc"
"lac","lac|lactate"
"pyr","pyr|pyruvate"
"cit","cit|citrate"
"glycerol","glol|glycerol"
"bohbut","bohbut|bohbutyrate|b_hydroxybutyrate"
"ace","ace|acetate"
"acace","acace|acetoacetate"
"crea","crea|creatinine|hccrea"
"alb","alb|albumin"
"gp","gp|glyca"
"xxl_vldl_p","xxl-vldl-p|xxl_vldl_p"
"xxl_vldl_l","xxl-vldl-l|xxl_vldl_l"
"xxl_vldl_pl","xxl-vldl-pl|xxl_vldl_pl"
"xxl_vldl_c","xxl-vldl-c|xxl_vldl_c"
"xxl_vldl_ce","xxl-vldl-ce|xxl_vldl_ce"
"xxl_vldl_fc","xxl-vldl-fc|xxl_vldl_fc"
"xxl_vldl_tg","xxl-vldl-tg|xxl_vldl_tg"
"xl_vldl_p","xl-vldl-p|xl_vldl_p"
"xl_vldl_l","xl-vldl-l|xl_vldl_l"
"xl_vldl_pl","xl-vldl-pl|xl_vldl_pl"
"xl_vldl_c","xl-vldl-c|xl_vldl_c"
"xl_vldl_ce","xl-vldl-ce|xl_vldl_ce"
"xl_vldl_fc","xl-vldl-fc|xl_vldl_fc"
"xl_vldl_tg","xl-vldl-tg|xl_vldl_tg"
"l_vldl_p","l-vldl-p|l_vldl_p"
"l_vldl_l","l-vldl-l|l_vldl_l"
"l_vldl_pl","l-vldl-pl|l_vldl_pl"
"l_vldl_c","l-vldl-c|l_vldl_c"
"l_vldl_ce","l-vldl-ce|l_vldl_ce"
"l_vldl_fc","l-vldl-fc|l_vldl_fc"
"l_vldl_tg","l-vldl-tg|l_vldl_tg"
"m_vldl_p","m-vldl-p|m_vldl_p"
"m_vldl_l","m-vldl-l|m_vldl_l"
"m_vldl_pl","m-vldl-pl|m_vldl_pl"
"m_vldl_c","m-vldl-c|m_vldl_c"
"m_vldl_ce","m-vldl-ce|m_vldl_ce"
"m_vldl_fc","m-vldl-fc|m_vldl_fc"
"m_vldl_tg","m-vldl-tg|m_vldl_tg"
"s_vldl_p","s-vldl-p|s_vldl_p"
"s_vldl_l","s-vldl-l|s_vldl_l"
"s_vldl_pl","s-vldl-pl|s_vldl_pl"
"s_vldl_c","s-vldl-c|s_vldl_c"
"s_vldl_ce","s-vldl-ce|s_vldl_ce"
"s_vldl_fc","s-vldl-fc|s_vldl_fc"
"s_vldl_tg","s-vldl-tg|s_vldl_tg"
"xs_vldl_p","xs-vldl-p|xs_vldl_p"
"xs_vldl_l","xs-vldl-l|xs_vldl_l"
"xs_vldl_pl","xs-vldl-pl|xs_vldl_pl"
"xs_vldl_c","xs-vldl-c|xs_vldl_c"
"xs_vldl_ce","xs-vldl-ce|xs_vldl_ce"
"xs_vldl_fc","xs-vldl-fc|xs_vldl_fc"
"xs_vldl_tg","xs-vldl-tg|xs_vldl_tg"
"idl_p","idl-p|idl_p"
"idl_l","idl-l|idl_l"
"idl_pl","idl-pl|idl_pl"
"idl_c","idl-c|idl_c"
"idl_ce","idl-ce|idl_ce"
"idl_fc","idl-fc|idl_fc"
"idl_tg","idl-tg|idl_tg"
"l_ldl_p","l-ldl-p|l_ldl_p"
"l_ldl_l","l-ldl-l|l_ldl_l"
"l_ldl_pl","l-ldl-pl|l_ldl_pl"
"l_ldl_c","l-ldl-c|l_ldl_c"
"l_ldl_ce","l-ldl-ce|l_ldl_ce"
"l_ldl_fc","l-ldl-fc|l_ldl_fc"
"l_ldl_tg","l-ldl-tg|l_ldl_tg"
"m_ldl_p","m-ldl-p|m_ldl_p"
"m_ldl_l","m-ldl-l|m_ldl_l"
"m_ldl_pl","m-ldl-pl|m_ldl_pl"
"m_ldl_c","m-ldl-c|m_ldl_c"
"m_ldl_ce","m-ldl-ce|m_ldl_ce"
"m_ldl_fc","m-ldl-fc|m_ldl_fc"
"m_ldl_tg","m-ldl-tg|m_ldl_tg"
"s_ldl_p","s-ldl-p|s_ldl_p"
"s_ldl_l","s-ldl-l|s_ldl_l"
"s_ldl_pl","s-ldl-pl|s_ldl_pl"
"s_ldl_c","s-ldl-c|s_ldl_c"
"s_ldl_ce","s-ldl-ce|s_ldl_ce"
"s_ldl_fc","s-ldl-fc|s_ldl_fc"
"s_ldl_tg","s-ldl-tg|s_ldl_tg"
"xl_hdl_p","xl-hdl-p|xl_hdl_p"
"xl_hdl_l","xl-hdl-l|xl_hdl_l"
"xl_hdl_pl","xl-hdl-pl|xl_hdl_pl"
"xl_hdl_c","xl-hdl-c|xl_hdl_c"
"xl_hdl_ce","xl-hdl-ce|xl_hdl_ce"
"xl_hdl_fc","xl-hdl-fc|xl_hdl_fc"
"xl_hdl_tg","xl-hdl-tg|xl_hdl_tg"
"l_hdl_p","l-hdl-p|l_hdl_p"
"l_hdl_l","l-hdl-l|l_hdl_l"
"l_hdl_pl","l-hdl-pl|l_hdl_pl"
"l_hdl_c","l-hdl-c|l_hdl_c"
"l_hdl_ce","l-hdl-ce|l_hdl_ce"
"l_hdl_fc","l-hdl-fc|l_hdl_fc"
"l_hdl_tg","l-hdl-tg|l_hdl_tg"
"m_hdl_p","m-hdl-p|m_hdl_p"
"m_hdl_l","m-hdl-l|m_hdl_l"
"m_hdl_pl","m-hdl-pl|m_hdl_pl"
"m_hdl_c","m-hdl-c|m_hdl_c"
"m_hdl_ce","m-hdl-ce|m_hdl_ce"
"m_hdl_fc","m-hdl-fc|m_hdl_fc"
"m_hdl_tg","m-hdl-tg|m_hdl_tg"
"s_hdl_p","s-hdl-p|s_hdl_p"
"s_hdl_l","s-hdl-l|s_hdl_l"
"s_hdl_pl","s-hdl-pl|s_hdl_pl"
"s_hdl_c","s-hdl-c|s_hdl_c"
"s_hdl_ce","s-hdl-ce|s_hdl_ce"
"s_hdl_fc","s-hdl-fc|s_hdl_fc"
"s_hdl_tg","s-hdl-tg|s_hdl_tg"
"xxl_vldl_pl_percentage","xxl-vldl-pl_%|xxl-vldl-pl %|xxl_vldl_pl_pct"
"xxl_vldl_c_percentage","xxl-vldl-c_%|xxl-vldl-c %|xxl_vldl_c_pct"
"xxl_vldl_ce_percentage","xxl-vldl-ce_%|xxl-vldl-ce %|xxl_vldl_ce_pct"
"xxl_vldl_fc_percentage","xxl-vldl-fc_%|xxl-vldl-fc %|xxl_vldl_fc_pct"
"xxl_vldl_tg_percentage","xxl-vldl-tg_%|xxl-vldl-tg %|xxl_vldl_tg_pct"
"xl_vldl_pl_percentage","xl-vldl-pl_%|xl-vldl-pl %|xl_vldl_pl_pct"
"xl_vldl_c_percentage","xl-vldl-c_%|xl-vldl-c %|xl_vldl_c_pct"
"xl_vldl_ce_percentage","xl-vldl-ce_%|xl-vldl-ce %|xl_vldl_ce_pct"
"xl_vldl_fc_percentage","xl-vldl-fc_%|xl-vldl-fc %|xl_vldl_fc_pct"
"xl_vldl_tg_percentage","xl-vldl-tg_%|xl-vldl-tg %|xl_vldl_tg_pct"
"l_vldl_pl_percentage","l-vldl-pl_%|l-vldl-pl %|l_vldl_pl_pct"
"l_vldl_c_percentage","l-vldl-c_%|l-vldl-c %|l_vldl_c_pct"
"l_vldl_ce_percentage","l-vldl-ce_%|l-vldl-ce %|l_vldl_ce_pct"
"l_vldl_fc_percentage","l-vldl-fc_%|l-vldl-fc %|l_vldl_fc_pct"
"l_vldl_tg_percentage","l-vldl-tg_%|l-vldl-tg %|l_vldl_tg_pct"
"m_vldl_pl_percentage","m-vldl-pl_%|m-vldl-pl %|m_vldl_pl_pct"
"m_vldl_c_percentage","m-vldl-c_%|m-vldl-c %|m_vldl_c_pct"
"m_vldl_ce_percentage","m-vldl-ce_%|m-vldl-ce %|m_vldl_ce_pct"
"m_vldl_fc_percentage","m-vldl-fc_%|m-vldl-fc %|m_vldl_fc_pct"
"m_vldl_tg_percentage","m-vldl-tg_%|m-vldl-tg %|m_vldl_tg_pct"
"s_vldl_pl_percentage","s-vldl-pl_%|s-vldl-pl %|s_vldl_pl_pct"
"s_vldl_c_percentage","s-vldl-c_%|s-vldl-c %|s_vldl_c_pct"
"s_vldl_ce_percentage","s-vldl-ce_%|s-vldl-ce %|s_vldl_ce_pct"
"s_vldl_fc_percentage","s-vldl-fc_%|s-vldl-fc %|s_vldl_fc_pct"
"s_vldl_tg_percentage","s-vldl-tg_%|s-vldl-tg %|s_vldl_tg_pct"
"xs_vldl_pl_percentage","xs-vldl-pl_%|xs-vldl-pl %|xs_vldl_pl_pct"
"xs_vldl_c_percentage","xs-vldl-c_%|xs-vldl-c %|xs_vldl_c_pct"
"xs_vldl_ce_percentage","xs-vldl-ce_%|xs-vldl-ce %|xs_vldl_ce_pct"
"xs_vldl_fc_percentage","xs-vldl-fc_%|xs-vldl-fc %|xs_vldl_fc_pct"
"xs_vldl_tg_percentage","xs-vldl-tg_%|xs-vldl-tg %|xs_vldl_tg_pct"
"idl_pl_percentage","idl-pl_%|idl-pl %|idl_pl_pct"
"idl_c_percentage","idl-c_%|idl-c %|idl_c_pct"
"idl_ce_percentage","idl-ce_%|idl-ce %|idl_ce_pct"
"idl_fc_percentage","idl-fc_%|idl-fc %|idl_fc_pct"
"idl_tg_percentage","idl-tg_%|idl-tg %|idl_tg_pct"
"l_ldl_pl_percentage","l-ldl-pl_%|l-ldl-pl %|l_ldl_pl_pct"
"l_ldl_c_percentage","l-ldl-c_%|l-ldl-c %|l_ldl_c_pct"
"l_ldl_ce_percentage","l-ldl-ce_%|l-ldl-ce %|l_ldl_ce_pct"
"l_ldl_fc_percentage","l-ldl-fc_%|l-ldl-fc %|l_ldl_fc_pct"
"l_ldl_tg_percentage","l-ldl-tg_%|l-ldl-tg %|l_ldl_tg_pct"
"m_ldl_pl_percentage","m-ldl-pl_%|m-ldl-pl %|m_ldl_pl_pct"
"m_ldl_c_percentage","m-ldl-c_%|m-ldl-c %|m_ldl_c_pct"
"m_ldl_ce_percentage","m-ldl-ce_%|m-ldl-ce %|m_ldl_ce_pct"
"m_ldl_fc_percentage","m-ldl-fc_%|m-ldl-fc %|m_ldl_fc_pct"
"m_ldl_tg_percentage","m-ldl-tg_%|m-ldl-tg %|m_ldl_tg_pct"
"s_ldl_pl_percentage","s-ldl-pl_%|s-ldl-pl %|s_ldl_pl_pct"
"s_ldl_c_percentage","s-ldl-c_%|s-ldl-c %|s_ldl_c_pct"
"s_ldl_ce_percentage","s-ldl-ce_%|s-ldl-ce %|s_ldl_ce_pct"
"s_ldl_fc_percentage","s-ldl-fc_%|s-ldl-fc %|s_ldl_fc_pct"
"s_ldl_tg_percentage","s-ldl-tg_%|s-ldl-tg %|s_ldl_tg_pct"
"xl_hdl_pl_percentage","xl-hdl-pl_%|xl-hdl-pl %|xl_hdl_pl_pct"
"xl_hdl_c_percentage","xl-hdl-c_%|xl-hdl-c %|xl_hdl_c_pct"
"xl_hdl_ce_percentage","xl-hdl-ce_%|xl-hdl-ce %|xl_hdl_ce_pct"
"xl_hdl_fc_percentage","xl-hdl-fc_%|xl-hdl-fc %|xl_hdl_fc_pct"
"xl_hdl_tg_percentage","xl-hdl-tg_%|xl-hdl-tg %|xl_hdl_tg_pct"
"l_hdl_pl_percentage","l-hdl-pl_%|l-hdl-pl %|l_hdl_pl_pct"
"l_hdl_c_percentage","l-hdl-c_%|l-hdl-c %|l_hdl_c_pct"
"l_hdl_ce_percentage","l-hdl-ce_%|l-hdl-ce %|l_hdl_ce_pct"
"l_hdl_fc_percentage","l-hdl-fc_%|l-hdl-fc %|l_hdl_fc_pct"
"l_hdl_tg_percentage","l-hdl-tg_%|l-hdl-tg %|l_hdl_tg_pct"
"m_hdl_pl_percentage","m-hdl-pl_%|m-hdl-pl %|m_hdl_pl_pct"
"m_hdl_c_percentage","m-hdl-c_%|m-hdl-c %|m_hdl_c_pct"
"m_hdl_ce_percentage","m-hdl-ce_%|m-hdl-ce %|m_hdl_ce_pct"
"m_hdl_fc_percentage","m-hdl-fc_%|m-hdl-fc %|m_hdl_fc_pct"
"m_hdl_tg_percentage","m-hdl-tg_%|m-hdl-tg %|m_hdl_tg_pct"
"s_hdl_pl_percentage","s-hdl-pl_%|s-hdl-pl %|s_hdl_pl_pct"
"s_hdl_c_percentage","s-hdl-c_%|s-hdl-c %|s_hdl_c_pct"
"s_hdl_ce_percentage","s-hdl-ce_%|s-hdl-ce %|s_hdl_ce_pct"
"s_hdl_fc_percentage","s-hdl-fc_%|s-hdl-fc %|s_hdl_fc_pct"
"s_hdl_tg_percentage","s-hdl-tg_%|s-hdl-tg %|s_hdl_tg_pct"
